CPULimit,GPULimit,AvgLatency,AvgCPUUsage,MaxCPUUsage,AvgMemoryUsage,MaxMemoryUsage,HighLoadRatio,TaskNumber
0,100,37ms,1030,1030,3.571339264e+12,3571339264000,4,1
0,33,89ms,963.25,971,3.560935424e+12,3570479104000,1.5,3
0,50,66ms,996,1002,3.567292416e+12,3572649984000,1.6666666666666667,2
