CPULimit,AET,AvgCPUUsage,MaxCPUUsage,AvgMemoryUsage,MaxMemoryUsage,HighLoadRatio
0,1m3.5818139s,4095.6666666666665,4226,6.60647936e+11,679579648000,2.3333333333333335
